Afrikaans af South_Africa ZA Adri
Afrikaans af South_Africa ZA Willem
Albanian sq Albania AL Anila
Albanian sq Albania AL Ilir
Amharic am Ethiopia ET Ameha
Amharic am Ethiopia ET Mekdes
Arabic ar Algeria DZ Amina
Arabic ar Algeria DZ Ismael
Arabic ar Bahrain BH Ali
Arabic ar Bahrain BH Laila
Arabic ar Egypt EG Salma
Arabic ar Egypt EG Shakir
Arabic ar Iraq IQ Bassel
Arabic ar Iraq IQ Rana
Arabic ar Jordan JO Sana
Arabic ar Jordan JO Taim
Arabic ar Kuwait KW Fahed
Arabic ar Kuwait KW Noura
Arabic ar Lebanon LB Layla
Arabic ar Lebanon LB Rami
Arabic ar Libya LY Iman
Arabic ar Libya LY Omar
Arabic ar Morocco MA Jamal
Arabic ar Morocco MA Mouna
Arabic ar Oman OM Abdullah
Arabic ar Oman OM Aysha
Arabic ar Qatar QA Amal
Arabic ar Qatar QA Moaz
Arabic ar Saudi_Arabia SA Hamed
Arabic ar Saudi_Arabia SA Zariyah
Arabic ar Syria SY Amany
Arabic ar Syria SY Laith
Arabic ar Tunisia TN Hedi
Arabic ar Tunisia TN Reem
Arabic ar United_Arab_Emirates AE Fatima
Arabic ar United_Arab_Emirates AE Hamdan
Arabic ar Yemen YE Maryam
Arabic ar Yemen YE Saleh
Azerbaijani az Azerbaijan AZ Babek
Azerbaijani az Azerbaijan AZ Banu
Bangla bn Bangladesh BD Nabanita
Bangla bn Bangladesh BD Pradeep
Bangla bn India IN Bashkar
Bengali bn India IN Tanishaa
Bosnian bs Bosnia BA Goran
Bosnian bs Bosnia BA Vesna
Bulgarian bg Bulgaria BG Borislav
Bulgarian bg Bulgaria BG Kalina
Burmese my Myanmar MM Nilar
Burmese my Myanmar MM Thiha
Catalan ca Spain ES Enric
Catalan ca Spain ES Joana
Chinese zh Cantonese_Traditional HK HiuGaai
Chinese zh Hong_Kong HK HiuMaan
Chinese zh Hong_Kong HK WanLung
Chinese zh Mainland CN Xiaoxiao
Chinese zh Mainland CN Xiaoyi
Chinese zh Mainland CN Yunjian
Chinese zh Mainland CN Yunxi
Chinese zh Mainland CN Yunxia
Chinese zh Mainland CN Yunyang
Chinese zh Northeastern_Mandarin CN-liaoning Xiaobei
Chinese zh Taiwanese_Mandarin TW HsiaoYu
Chinese zh Taiwan TW HsiaoChen
Chinese zh Taiwan TW YunJhe
Chinese zh Zhongyuan_Mandarin_Shaanxi CN-shaanxi Xiaoni
Croatian hr Croatia HR Gabrijela
Croatian hr Croatia HR Srecko
Czech cs Czech CZ Antonin
Czech cs Czech CZ Vlasta
Danish da Denmark DK Christel
Danish da Denmark DK Jeppe
Dutch nl Belgium BE Arnaud
Dutch nl Belgium BE Dena
Dutch nl Netherlands NL Colette
Dutch nl Netherlands NL Fenna
Dutch nl Netherlands NL Maarten
English en Australia AU Natasha
English en Australia AU William
English en Canada CA Clara
English en Canada CA Liam
English en Hongkong HK Sam
English en Hongkong HK Yan
English en India IN Neerja
English en India IN Prabhat
English en Ireland IE Connor
English en Ireland IE Emily
English en Kenya KE Asilia
English en Kenya KE Chilemba
English en New_Zealand NZ Mitchell
English en New_Zealand NZ Molly
English en Nigeria NG Abeo
English en Nigeria NG Ezinne
English en Philippines PH James
English en Philippines PH Rosa
English en Singapore SG Luna
English en Singapore SG Wayne
English en South_Africa ZA Leah
English en South_Africa ZA Luke
English en Tanzania TZ Elimu
English en Tanzania TZ Imani
English en United_Kingdom GB Libby
English en United_Kingdom GB Maisie
English en United_Kingdom GB Ryan
English en United_Kingdom GB Sonia
English en United_Kingdom GB Thomas
English en United_States US Ana
English en United_States US Aria
English en United_States US Christopher
English en United_States US Eric
English en United_States US Guy
English en United_States US Jenny
English en United_States US Michelle
English en United_States US Roger
English en United_States US Steffan
Estonian et Estonia EE Anu
Estonian et Estonia EE Kert
Filipino fil Philippines PH Angelo
Filipino fil Philippines PH Blessica
Finnish fi Finland FI Harri
Finnish fi Finland FI Noora
French fr Belgium BE Charline
French fr Belgium BE Gerard
French fr Canada CA Antoine
French fr Canada CA Jean
French fr Canada CA Sylvie
French fr France FR Denise
French fr France FR Eloise
French fr France FR Henri
French fr Switzerland CH Ariane
French fr Switzerland CH Fabrice
Galician gl Spain ES Roi
Galician gl Spain ES Sabela
Georgian ka Georgia GE Eka
Georgian ka Georgia GE Giorgi
German de Austria AT Ingrid
German de Austria AT Jonas
German de Germany DE Amala
German de Germany DE Conrad
German de Germany DE Katja
German de Germany DE Killian
German de Switzerland CH Jan
German de Switzerland CH Leni
Greek el Greece GR Athina
Greek el Greece GR Nestoras
Gujarati gu India IN Dhwani
Gujarati gu India IN Niranjan
Hebrew he Israel IL Avri
Hebrew he Israel IL Hila
Hindi hi India IN Madhur
Hindi hi India IN Swara
Hungarian hu Hungary HU Noemi
Hungarian hu Hungary HU Tamas
Icelandic is Iceland IS Gudrun
Icelandic is Iceland IS Gunnar
Indonesian id Indonesia ID Ardi
Indonesian id Indonesia ID Gadis
Irish ga Ireland IE Colm
Irish ga Ireland IE Orla
Italian it Italy IT Diego
Italian it Italy IT Elsa
Italian it Italy IT Isabella
Japanese ja Japan JP Keita
Japanese ja Japan JP Nanami
Javanese jv Indonesia ID Dimas
Javanese jv Indonesia ID Siti
Kannada kn India IN Gagan
Kannada kn India IN Sapna
Kazakh kk Kazakhstan KZ Aigul
Kazakh kk Kazakhstan KZ Daulet
Khmer km Cambodia KH Piseth
Khmer km Cambodia KH Sreymom
Korean ko Korea KR InJoon
Korean ko Korea KR SunHi
Lao lo Laos LA Chanthavong
Lao lo Laos LA Keomany
Latvian lv Latvia LV Everita
Latvian lv Latvia LV Nils
Lithuanian lt Lithuania LT Leonas
Lithuanian lt Lithuania LT Ona
Macedonian Macedonia Republic_of_North mk Marija
Macedonian mk Republic_of_North_Macedonia MK Aleksandar
Malayalam ml India IN Midhun
Malayalam ml India IN Sobhana
Malay ms Malaysia MY Osman
Malay ms Malaysia MY Yasmin
Maltese mt Malta MT Grace
Maltese mt Malta MT Joseph
Marathi mr India IN Aarohi
Marathi mr India IN Manohar
Mongolian mn Mongolia MN Bataa
Mongolian mn Mongolia MN Yesui
Nepali ne Nepal NP Hemkala
Nepali ne Nepal NP Sagar
Norwegian nb Bokmål_Norway NO Finn
Norwegian nb Bokmål,_Norway NO Pernille
Pashto ps Afghanistan AF GulNawaz
Pashto ps Afghanistan AF Latifa
Persian fa Iran IR Dilara
Persian fa Iran IR Farid
Polish pl Poland PL Marek
Polish pl Poland PL Zofia
Portuguese pt Brazil BR Antonio
Portuguese pt Brazil BR Francisca
Portuguese pt Portugal PT Duarte
Portuguese pt Portugal PT Raquel
Romanian ro Romania RO Alina
Romanian ro Romania RO Emil
Russian ru Russia RU Dmitry
Russian ru Russia RU Svetlana
Serbian sr Serbia RS Nicholas
Serbian sr Serbia RS Sophie
Sinhala si Sri_Lanka LK Sameera
Sinhala si Sri_Lanka LK Thilini
Slovak sk Slovakia SK Lukas
Slovak sk Slovakia SK Viktoria
Slovenian sl Slovenia SI Petra
Slovenian sl Slovenia SI Rok
Somali so Somalia SO Muuse
Somali so Somalia SO Ubax
Spanish es Argentina AR Elena
Spanish es Argentina AR Tomas
Spanish es Bolivia BO Marcelo
Spanish es Bolivia BO Sofia
Spanish es Chile CL Catalina
Spanish es Chile CL Lorenzo
Spanish es Colombia CO Gonzalo
Spanish es Colombia CO Salome
Spanish es Costa_Rica CR Juan
Spanish es Costa_Rica CR Maria
Spanish es Cuba CU Belkys
Spanish es Cuba CU Manuel
Spanish es Dominican_Republic DO Emilio
Spanish es Dominican_Republic DO Ramona
Spanish es Ecuador EC Andrea
Spanish es Ecuador EC Luis
Spanish es El_Salvador SV Lorena
Spanish es El_Salvador SV Rodrigo
Spanish es Equatorial_Guinea GQ Javier
Spanish es Equatorial_Guinea GQ Teresa
Spanish es Guatemala GT Andres
Spanish es Guatemala GT Marta
Spanish es Honduras HN Carlos
Spanish es Honduras HN Karla
Spanish es Mexico MX Dalia
Spanish es Mexico MX Jorge
Spanish es Mexico MX LorenzoEsCL
Spanish es Nicaragua NI Federico
Spanish es Nicaragua NI Yolanda
Spanish es Panama PA Margarita
Spanish es Panama PA Roberto
Spanish es Paraguay PY Mario
Spanish es Paraguay PY Tania
Spanish es Peru PE Alex
Spanish es Peru PE Camila
Spanish es Puerto_Rico PR Karina
Spanish es Puerto_Rico PR Victor
Spanish es Spain ES Alvaro
Spanish es Spain ES Elvira
Spanish es Spain ES ManuelEsCU
Spanish es United_States US Alonso
Spanish es United_States US Paloma
Spanish es Uruguay UY Mateo
Spanish es Uruguay UY Valentina
Spanish es Venezuela VE Paola
Spanish es Venezuela VE Sebastian
Sundanese su Indonesia ID Jajang
Sundanese su Indonesia ID Tuti
Swahili sw Kenya KE Rafiki
Swahili sw Kenya KE Zuri
Swahili sw Tanzania TZ Daudi
Swahili sw Tanzania TZ Rehema
Swedish sv Sweden SE Mattias
Swedish sv Sweden SE Sofie
Tamil ta India IN Pallavi
Tamil ta India IN Valluvar
Tamil ta Malaysia MY Kani
Tamil ta Malaysia MY Surya
Tamil ta Singapore SG Anbu
Tamil ta Singapore SG Venba
Tamil ta Sri_Lanka LK Kumar
Tamil ta Sri_Lanka LK Saranya
Telugu te India IN Mohan
Telugu te India IN Shruti
Thai th Thailand TH Niwat
Thai th Thailand TH Premwadee
Turkish tr Turkey TR Ahmet
Turkish tr Turkey TR Emel
Ukrainian uk Ukraine UA Ostap
Ukrainian uk Ukraine UA Polina
Urdu ur India IN Gul
Urdu ur India IN Salman
Urdu ur Pakistan PK Asad
Urdu ur Pakistan PK Uzma
Uzbek uz Uzbekistan UZ Madina
Uzbek uz Uzbekistan UZ Sardor
Vietnamese vi Vietnam VN HoaiMy
Vietnamese vi Vietnam VN NamMinh
Welsh cy United_Kingdom GB Aled
Welsh cy United_Kingdom GB Nia
Zulu zu South_Africa ZA Thando
Zulu zu South_Africa ZA Themba
