Afghanistan AF Pashto ps GulNawaz
Afghanistan AF Pashto ps Latifa
Albania AL Albanian sq Anila
Albania AL Albanian sq Ilir
Algeria DZ Arabic ar Amina
Algeria DZ Arabic ar Ismael
Argentina AR Spanish es Elena
Argentina AR Spanish es Tomas
Australia AU English en Natasha
Australia AU English en William
Austria AT German de Ingrid
Austria AT German de Jonas
Azerbaijan AZ Azerbaijani az Babek
Azerbaijan AZ Azerbaijani az Banu
Bahrain BH Arabic ar Ali
Bahrain BH Arabic ar Laila
Bangladesh BD Bangla bn Nabanita
Bangladesh BD Bangla bn Pradeep
Belgium BE Dutch nl Arnaud
Belgium BE Dutch nl Dena
Belgium BE French fr Charline
Belgium BE French fr Gerard
Bokmål_Norway NO Norwegian nb Finn
Bokmål,_Norway NO Norwegian nb Pernille
Bolivia BO Spanish es Marcelo
Bolivia BO Spanish es Sofia
Bosnia BA Bosnian bs Goran
Bosnia BA Bosnian bs Vesna
Brazil BR Portuguese pt Antonio
Brazil BR Portuguese pt Francisca
Bulgaria BG Bulgarian bg Borislav
Bulgaria BG Bulgarian bg Kalina
Cambodia KH Khmer km Piseth
Cambodia KH Khmer km Sreymom
Canada CA English en Clara
Canada CA English en Liam
Canada CA French fr Antoine
Canada CA French fr Jean
Canada CA French fr Sylvie
Cantonese_Traditional HK Chinese zh HiuGaai
Chile CL Spanish es Catalina
Chile CL Spanish es Lorenzo
Colombia CO Spanish es Gonzalo
Colombia CO Spanish es Salome
Costa_Rica CR Spanish es Juan
Costa_Rica CR Spanish es Maria
Croatia HR Croatian hr Gabrijela
Croatia HR Croatian hr Srecko
Cuba CU Spanish es Belkys
Cuba CU Spanish es Manuel
Czech CZ Czech cs Antonin
Czech CZ Czech cs Vlasta
Denmark DK Danish da Christel
Denmark DK Danish da Jeppe
Dominican_Republic DO Spanish es Emilio
Dominican_Republic DO Spanish es Ramona
Ecuador EC Spanish es Andrea
Ecuador EC Spanish es Luis
Egypt EG Arabic ar Salma
Egypt EG Arabic ar Shakir
El_Salvador SV Spanish es Lorena
El_Salvador SV Spanish es Rodrigo
Equatorial_Guinea GQ Spanish es Javier
Equatorial_Guinea GQ Spanish es Teresa
Estonia EE Estonian et Anu
Estonia EE Estonian et Kert
Ethiopia ET Amharic am Ameha
Ethiopia ET Amharic am Mekdes
Finland FI Finnish fi Harri
Finland FI Finnish fi Noora
France FR French fr Denise
France FR French fr Eloise
France FR French fr Henri
Georgia GE Georgian ka Eka
Georgia GE Georgian ka Giorgi
Germany DE German de Amala
Germany DE German de Conrad
Germany DE German de Katja
Germany DE German de Killian
Greece GR Greek el Athina
Greece GR Greek el Nestoras
Guatemala GT Spanish es Andres
Guatemala GT Spanish es Marta
Honduras HN Spanish es Carlos
Honduras HN Spanish es Karla
Hong_Kong HK Chinese zh HiuMaan
Hong_Kong HK Chinese zh WanLung
Hongkong HK English en Sam
Hongkong HK English en Yan
Hungary HU Hungarian hu Noemi
Hungary HU Hungarian hu Tamas
Iceland IS Icelandic is Gudrun
Iceland IS Icelandic is Gunnar
India IN Bangla bn Bashkar
India IN Bengali bn Tanishaa
India IN English en Neerja
India IN English en Prabhat
India IN Gujarati gu Dhwani
India IN Gujarati gu Niranjan
India IN Hindi hi Madhur
India IN Hindi hi Swara
India IN Kannada kn Gagan
India IN Kannada kn Sapna
India IN Malayalam ml Midhun
India IN Malayalam ml Sobhana
India IN Marathi mr Aarohi
India IN Marathi mr Manohar
India IN Tamil ta Pallavi
India IN Tamil ta Valluvar
India IN Telugu te Mohan
India IN Telugu te Shruti
India IN Urdu ur Gul
India IN Urdu ur Salman
Indonesia ID Indonesian id Ardi
Indonesia ID Indonesian id Gadis
Indonesia ID Javanese jv Dimas
Indonesia ID Javanese jv Siti
Indonesia ID Sundanese su Jajang
Indonesia ID Sundanese su Tuti
Iran IR Persian fa Dilara
Iran IR Persian fa Farid
Iraq IQ Arabic ar Bassel
Iraq IQ Arabic ar Rana
Ireland IE English en Connor
Ireland IE English en Emily
Ireland IE Irish ga Colm
Ireland IE Irish ga Orla
Israel IL Hebrew he Avri
Israel IL Hebrew he Hila
Italy IT Italian it Diego
Italy IT Italian it Elsa
Italy IT Italian it Isabella
Japan JP Japanese ja Keita
Japan JP Japanese ja Nanami
Jordan JO Arabic ar Sana
Jordan JO Arabic ar Taim
Kazakhstan KZ Kazakh kk Aigul
Kazakhstan KZ Kazakh kk Daulet
Kenya KE English en Asilia
Kenya KE English en Chilemba
Kenya KE Swahili sw Rafiki
Kenya KE Swahili sw Zuri
Korea KR Korean ko InJoon
Korea KR Korean ko SunHi
Kuwait KW Arabic ar Fahed
Kuwait KW Arabic ar Noura
Laos LA Lao lo Chanthavong
Laos LA Lao lo Keomany
Latvia LV Latvian lv Everita
Latvia LV Latvian lv Nils
Lebanon LB Arabic ar Layla
Lebanon LB Arabic ar Rami
Libya LY Arabic ar Iman
Libya LY Arabic ar Omar
Lithuania LT Lithuanian lt Leonas
Lithuania LT Lithuanian lt Ona
Mainland CN Chinese zh Xiaoxiao
Mainland CN Chinese zh Xiaoyi
Mainland CN Chinese zh Yunjian
Mainland CN Chinese zh Yunxi
Mainland CN Chinese zh Yunxia
Mainland CN Chinese zh Yunyang
Malaysia MY Malay ms Osman
Malaysia MY Malay ms Yasmin
Malaysia MY Tamil ta Kani
Malaysia MY Tamil ta Surya
Malta MT Maltese mt Grace
Malta MT Maltese mt Joseph
Mexico MX Spanish es Dalia
Mexico MX Spanish es Jorge
Mexico MX Spanish es LorenzoEsCL
Mongolia MN Mongolian mn Bataa
Mongolia MN Mongolian mn Yesui
Morocco MA Arabic ar Jamal
Morocco MA Arabic ar Mouna
Myanmar MM Burmese my Nilar
Myanmar MM Burmese my Thiha
Nepal NP Nepali ne Hemkala
Nepal NP Nepali ne Sagar
Netherlands NL Dutch nl Colette
Netherlands NL Dutch nl Fenna
Netherlands NL Dutch nl Maarten
New_Zealand NZ English en Mitchell
New_Zealand NZ English en Molly
Nicaragua NI Spanish es Federico
Nicaragua NI Spanish es Yolanda
Nigeria NG English en Abeo
Nigeria NG English en Ezinne
Northeastern_Mandarin CN-liaoning Chinese zh Xiaobei
Oman OM Arabic ar Abdullah
Oman OM Arabic ar Aysha
Pakistan PK Urdu ur Asad
Pakistan PK Urdu ur Uzma
Panama PA Spanish es Margarita
Panama PA Spanish es Roberto
Paraguay PY Spanish es Mario
Paraguay PY Spanish es Tania
Peru PE Spanish es Alex
Peru PE Spanish es Camila
Philippines PH English en James
Philippines PH English en Rosa
Philippines PH Filipino fil Angelo
Philippines PH Filipino fil Blessica
Poland PL Polish pl Marek
Poland PL Polish pl Zofia
Portugal PT Portuguese pt Duarte
Portugal PT Portuguese pt Raquel
Puerto_Rico PR Spanish es Karina
Puerto_Rico PR Spanish es Victor
Qatar QA Arabic ar Amal
Qatar QA Arabic ar Moaz
Republic_of_North_Macedonia MK Macedonian mk Aleksandar
Republic_of_North mk Macedonian Macedonia Marija
Romania RO Romanian ro Alina
Romania RO Romanian ro Emil
Russia RU Russian ru Dmitry
Russia RU Russian ru Svetlana
Saudi_Arabia SA Arabic ar Hamed
Saudi_Arabia SA Arabic ar Zariyah
Serbia RS Serbian sr Nicholas
Serbia RS Serbian sr Sophie
Singapore SG English en Luna
Singapore SG English en Wayne
Singapore SG Tamil ta Anbu
Singapore SG Tamil ta Venba
Slovakia SK Slovak sk Lukas
Slovakia SK Slovak sk Viktoria
Slovenia SI Slovenian sl Petra
Slovenia SI Slovenian sl Rok
Somalia SO Somali so Muuse
Somalia SO Somali so Ubax
South_Africa ZA Afrikaans af Adri
South_Africa ZA Afrikaans af Willem
South_Africa ZA English en Leah
South_Africa ZA English en Luke
South_Africa ZA Zulu zu Thando
South_Africa ZA Zulu zu Themba
Spain ES Catalan ca Enric
Spain ES Catalan ca Joana
Spain ES Galician gl Roi
Spain ES Galician gl Sabela
Spain ES Spanish es Alvaro
Spain ES Spanish es Elvira
Spain ES Spanish es ManuelEsCU
Sri_Lanka LK Sinhala si Sameera
Sri_Lanka LK Sinhala si Thilini
Sri_Lanka LK Tamil ta Kumar
Sri_Lanka LK Tamil ta Saranya
Sweden SE Swedish sv Mattias
Sweden SE Swedish sv Sofie
Switzerland CH French fr Ariane
Switzerland CH French fr Fabrice
Switzerland CH German de Jan
Switzerland CH German de Leni
Syria SY Arabic ar Amany
Syria SY Arabic ar Laith
Taiwanese_Mandarin TW Chinese zh HsiaoYu
Taiwan TW Chinese zh HsiaoChen
Taiwan TW Chinese zh YunJhe
Tanzania TZ English en Elimu
Tanzania TZ English en Imani
Tanzania TZ Swahili sw Daudi
Tanzania TZ Swahili sw Rehema
Thailand TH Thai th Niwat
Thailand TH Thai th Premwadee
Tunisia TN Arabic ar Hedi
Tunisia TN Arabic ar Reem
Turkey TR Turkish tr Ahmet
Turkey TR Turkish tr Emel
Ukraine UA Ukrainian uk Ostap
Ukraine UA Ukrainian uk Polina
United_Arab_Emirates AE Arabic ar Fatima
United_Arab_Emirates AE Arabic ar Hamdan
United_Kingdom GB English en Libby
United_Kingdom GB English en Maisie
United_Kingdom GB English en Ryan
United_Kingdom GB English en Sonia
United_Kingdom GB English en Thomas
United_Kingdom GB Welsh cy Aled
United_Kingdom GB Welsh cy Nia
United_States US English en Ana
United_States US English en Aria
United_States US English en Christopher
United_States US English en Eric
United_States US English en Guy
United_States US English en Jenny
United_States US English en Michelle
United_States US English en Roger
United_States US English en Steffan
United_States US Spanish es Alonso
United_States US Spanish es Paloma
Uruguay UY Spanish es Mateo
Uruguay UY Spanish es Valentina
Uzbekistan UZ Uzbek uz Madina
Uzbekistan UZ Uzbek uz Sardor
Venezuela VE Spanish es Paola
Venezuela VE Spanish es Sebastian
Vietnam VN Vietnamese vi HoaiMy
Vietnam VN Vietnamese vi NamMinh
Yemen YE Arabic ar Maryam
Yemen YE Arabic ar Saleh
Zhongyuan_Mandarin_Shaanxi CN-shaanxi Chinese zh Xiaoni
