Aarohi Marathi India mr IN
Abdullah Arabic Oman ar OM
Abeo English Nigeria en NG
Adri Afrikaans South_Africa af ZA
Ahmet Turkish Turkey tr TR
Aigul Kazakh Kazakhstan kk KZ
Aled Welsh United_Kingdom cy GB
Alex Spanish Peru es PE
Ali Arabic Bahrain ar BH
Alina Romanian Romania ro RO
Alonso Spanish United_States es US
Alvaro Spanish Spain es ES
Amal Arabic Qatar ar QA
Amala German Germany de DE
Amany Arabic Syria ar SY
Ameha Amharic Ethiopia am ET
Amina Arabic Algeria ar DZ
Ana English United_States en US
Anbu Tamil Singapore ta SG
Andrea Spanish Ecuador es EC
Andres Spanish Guatemala es GT
Angelo Filipino Philippines fil PH
Anila Albanian Albania sq AL
Antoine French Canada fr CA
Antonin Czech Czech cs CZ
Antonio Portuguese Brazil pt BR
Anu Estonian Estonia et EE
Ardi Indonesian Indonesia id ID
Aria English United_States en US
Ariane French Switzerland fr CH
Arnaud Dutch Belgium nl BE
Asad Urdu Pakistan ur PK
Asilia English Kenya en KE
Athina Greek Greece el GR
Avri Hebrew Israel he IL
Aysha Arabic Oman ar OM
Babek Azerbaijani Azerbaijan az AZ
Banu Azerbaijani Azerbaijan az AZ
Bashkar Bangla India bn IN
Bassel Arabic Iraq ar IQ
Bataa Mongolian Mongolia mn MN
Belkys Spanish Cuba es CU
Blessica Filipino Philippines fil PH
Borislav Bulgarian Bulgaria bg BG
Camila Spanish Peru es PE
Carlos Spanish Honduras es HN
Catalina Spanish Chile es CL
Chanthavong Lao Laos lo LA
Charline French Belgium fr BE
Chilemba English Kenya en KE
Christel Danish Denmark da DK
Christopher English United_States en US
Clara English Canada en CA
Colette Dutch Netherlands nl NL
Colm Irish Ireland ga IE
Connor English Ireland en IE
Conrad German Germany de DE
Dalia Spanish Mexico es MX
Daudi Swahili Tanzania sw TZ
Daulet Kazakh Kazakhstan kk KZ
Dena Dutch Belgium nl BE
Denise French France fr FR
Dhwani Gujarati India gu IN
Diego Italian Italy it IT
Dilara Persian Iran fa IR
Dimas Javanese Indonesia jv ID
Dmitry Russian Russia ru RU
Duarte Portuguese Portugal pt PT
Eka Georgian Georgia ka GE
Elena Spanish Argentina es AR
Elimu English Tanzania en TZ
Eloise French France fr FR
Elsa Italian Italy it IT
Elvira Spanish Spain es ES
Emel Turkish Turkey tr TR
Emil Romanian Romania ro RO
Emilio Spanish Dominican_Republic es DO
Emily English Ireland en IE
Enric Catalan Spain ca ES
Eric English United_States en US
Everita Latvian Latvia lv LV
Ezinne English Nigeria en NG
Fabrice French Switzerland fr CH
Fahed Arabic Kuwait ar KW
Farid Persian Iran fa IR
Federico Spanish Nicaragua es NI
Fenna Dutch Netherlands nl NL
Francisca Portuguese Brazil pt BR
Gabrijela Croatian Croatia hr HR
Gadis Indonesian Indonesia id ID
Gagan Kannada India kn IN
Gerard French Belgium fr BE
Giorgi Georgian Georgia ka GE
Gonzalo Spanish Colombia es CO
Goran Bosnian Bosnia bs BA
Grace Maltese Malta mt MT
Gudrun Icelandic Iceland is IS
Gul Urdu India ur IN
GulNawaz Pashto Afghanistan ps AF
Gunnar Icelandic Iceland is IS
Guy English United_States en US
Hamed Arabic Saudi_Arabia ar SA
Harri Finnish Finland fi FI
Hedi Arabic Tunisia ar TN
Hemkala Nepali Nepal ne NP
Henri French France fr FR
Hila Hebrew Israel he IL
HiuGaai Chinese Cantonese_Traditional zh HK
HiuMaan Chinese Hong_Kong zh HK
HoaiMy Vietnamese Vietnam vi VN
HsiaoChen Chinese Taiwan zh TW
HsiaoYu Chinese Taiwanese_Mandarin zh TW
Ilir Albanian Albania sq AL
Iman Arabic Libya ar LY
Imani English Tanzania en TZ
Ingrid German Austria de AT
InJoon Korean Korea ko KR
Isabella Italian Italy it IT
Ismael Arabic Algeria ar DZ
Jajang Sundanese Indonesia su ID
Jamal Arabic Morocco ar MA
James English Philippines en PH
Jan German Switzerland de CH
Javier Spanish Equatorial_Guinea es GQ
Jean French Canada fr CA
Jenny English United_States en US
Jeppe Danish Denmark da DK
Joana Catalan Spain ca ES
Jonas German Austria de AT
Jorge Spanish Mexico es MX
Joseph Maltese Malta mt MT
Juan Spanish Costa_Rica es CR
Kalina Bulgarian Bulgaria bg BG
Kani Tamil Malaysia ta MY
Karina Spanish Puerto_Rico es PR
Karla Spanish Honduras es HN
Katja German Germany de DE
Keita Japanese Japan ja JP
Keomany Lao Laos lo LA
Kert Estonian Estonia et EE
Killian German Germany de DE
Kumar Tamil Sri_Lanka ta LK
Laila Arabic Bahrain ar BH
Laith Arabic Syria ar SY
Latifa Pashto Afghanistan ps AF
Layla Arabic Lebanon ar LB
Leah English South_Africa en ZA
Leni German Switzerland de CH
Leonas Lithuanian Lithuania lt LT
Liam English Canada en CA
Libby English United_Kingdom en GB
Lorena Spanish El_Salvador es SV
Lorenzo Spanish Chile es CL
LorenzoEsCL Spanish Mexico es MX
Luis Spanish Ecuador es EC
Lukas Slovak Slovakia sk SK
Luke English South_Africa en ZA
Luna English Singapore en SG
Maarten Dutch Netherlands nl NL
Madhur Hindi India hi IN
Madina Uzbek Uzbekistan uz UZ
Maisie English United_Kingdom en GB
Manohar Marathi India mr IN
Manuel Spanish Cuba es CU
ManuelEsCU Spanish Spain es ES
Marcelo Spanish Bolivia es BO
Marek Polish Poland pl PL
Margarita Spanish Panama es PA
Maria Spanish Costa_Rica es CR
Mario Spanish Paraguay es PY
Marta Spanish Guatemala es GT
Maryam Arabic Yemen ar YE
Mateo Spanish Uruguay es UY
Mattias Swedish Sweden sv SE
Mekdes Amharic Ethiopia am ET
Michelle English United_States en US
Midhun Malayalam India ml IN
Mitchell English New_Zealand en NZ
Moaz Arabic Qatar ar QA
Mohan Telugu India te IN
Molly English New_Zealand en NZ
Mouna Arabic Morocco ar MA
Muuse Somali Somalia so SO
Nabanita Bangla Bangladesh bn BD
NamMinh Vietnamese Vietnam vi VN
Nanami Japanese Japan ja JP
Natasha English Australia en AU
Neerja English India en IN
Nestoras Greek Greece el GR
Nia Welsh United_Kingdom cy GB
Nicholas Serbian Serbia sr RS
Nilar Burmese Myanmar my MM
Nils Latvian Latvia lv LV
Niranjan Gujarati India gu IN
Niwat Thai Thailand th TH
Noemi Hungarian Hungary hu HU
Noora Finnish Finland fi FI
Noura Arabic Kuwait ar KW
Omar Arabic Libya ar LY
Ona Lithuanian Lithuania lt LT
Orla Irish Ireland ga IE
Osman Malay Malaysia ms MY
Ostap Ukrainian Ukraine uk UA
Pallavi Tamil India ta IN
Paloma Spanish United_States es US
Paola Spanish Venezuela es VE
Petra Slovenian Slovenia sl SI
Piseth Khmer Cambodia km KH
Polina Ukrainian Ukraine uk UA
Prabhat English India en IN
Pradeep Bangla Bangladesh bn BD
Premwadee Thai Thailand th TH
Rafiki Swahili Kenya sw KE
Rami Arabic Lebanon ar LB
Ramona Spanish Dominican_Republic es DO
Rana Arabic Iraq ar IQ
Raquel Portuguese Portugal pt PT
Reem Arabic Tunisia ar TN
Rehema Swahili Tanzania sw TZ
Roberto Spanish Panama es PA
Rodrigo Spanish El_Salvador es SV
Roger English United_States en US
Roi Galician Spain gl ES
Rok Slovenian Slovenia sl SI
Rosa English Philippines en PH
Ryan English United_Kingdom en GB
Sabela Galician Spain gl ES
Sagar Nepali Nepal ne NP
Saleh Arabic Yemen ar YE
Salma Arabic Egypt ar EG
Salman Urdu India ur IN
Salome Spanish Colombia es CO
Sam English Hongkong en HK
Sameera Sinhala Sri_Lanka si LK
Sana Arabic Jordan ar JO
Sapna Kannada India kn IN
Saranya Tamil Sri_Lanka ta LK
Sardor Uzbek Uzbekistan uz UZ
Sebastian Spanish Venezuela es VE
Shakir Arabic Egypt ar EG
Shruti Telugu India te IN
Siti Javanese Indonesia jv ID
Sobhana Malayalam India ml IN
Sofia Spanish Bolivia es BO
Sofie Swedish Sweden sv SE
Sonia English United_Kingdom en GB
Sophie Serbian Serbia sr RS
Srecko Croatian Croatia hr HR
Sreymom Khmer Cambodia km KH
Steffan English United_States en US
SunHi Korean Korea ko KR
Surya Tamil Malaysia ta MY
Svetlana Russian Russia ru RU
Swara Hindi India hi IN
Sylvie French Canada fr CA
Taim Arabic Jordan ar JO
Tamas Hungarian Hungary hu HU
Tania Spanish Paraguay es PY
Tanishaa Bengali India bn IN
Teresa Spanish Equatorial_Guinea es GQ
Thando Zulu South_Africa zu ZA
Themba Zulu South_Africa zu ZA
Thiha Burmese Myanmar my MM
Thilini Sinhala Sri_Lanka si LK
Thomas English United_Kingdom en GB
Tomas Spanish Argentina es AR
Tuti Sundanese Indonesia su ID
Ubax Somali Somalia so SO
Uzma Urdu Pakistan ur PK
Valentina Spanish Uruguay es UY
Valluvar Tamil India ta IN
Venba Tamil Singapore ta SG
Vesna Bosnian Bosnia bs BA
Victor Spanish Puerto_Rico es PR
Viktoria Slovak Slovakia sk SK
Vlasta Czech Czech cs CZ
WanLung Chinese Hong_Kong zh HK
Wayne English Singapore en SG
Willem Afrikaans South_Africa af ZA
William English Australia en AU
Xiaobei Chinese Northeastern_Mandarin zh CN-liaoning
Xiaoxiao Chinese Mainland zh CN
Xiaoyi Chinese Mainland zh CN
Yan English Hongkong en HK
Yasmin Malay Malaysia ms MY
Yesui Mongolian Mongolia mn MN
Yolanda Spanish Nicaragua es NI
YunJhe Chinese Taiwan zh TW
Yunjian Chinese Mainland zh CN
Yunxi Chinese Mainland zh CN
Yunxia Chinese Mainland zh CN
Yunyang Chinese Mainland zh CN
Zariyah Arabic Saudi_Arabia ar SA
Zofia Polish Poland pl PL
Zuri Swahili Kenya sw KE
Aleksandar Macedonian Republic_of_North_Macedonia mk MK
Fatima Arabic United_Arab_Emirates ar AE
Finn Norwegian Bokmål_Norway nb NO
Hamdan Arabic United_Arab_Emirates ar AE
Marija Macedonian Republic_of_North Macedonia mk MK
Pernille Norwegian Bokmål,_Norway nb NO
Xiaoni Chinese Zhongyuan_Mandarin_Shaanxi zh CN-shaanxi
